1;Accipiter gentilis arrigonii (Kleinschmidt, 1903);2894;Accipitriformes;Accipitridae;01/12/1869;21/09/1994
2;Accipiter gentilis (Linnaeus, 1758);2891;Accipitriformes;Accipitridae;20/10/1902;31/12/1912
3;Accipiter nisus (Linnaeus, 1758);2895;Accipitriformes;Accipitridae;15/10/1837;20/02/2002
4;Acrocephalus agricola (Jerdon, 1845);199459;Passeriformes;Sylviidae;01/11/2002;01/11/2002
5;Acrocephalus arundinaceus (Linnaeus, 1758);4198;Passeriformes;Sylviidae;13/06/1873;01/08/1931
6;Acrocephalus melanopogon (Temminck, 1823);4180;Passeriformes;Sylviidae;13/12/1884;20/09/1931
7;Acrocephalus paludicola (Vieillot, 1817);4184;Passeriformes;Sylviidae;20/06/1870;21/09/1952
8;Acrocephalus palustris (Bechstein, 1798);4192;Passeriformes;Sylviidae;28/05/1928;19/07/1964
9;Acrocephalus schoenobaenus (Linnaeus, 1758);4187;Passeriformes;Sylviidae;01/05/1900;13/05/1988
10;Acrocephalus scirpaceus (Hermann, 1804);4195;Passeriformes;Sylviidae;24/09/1879;07/06/2005
11;Actitis hypoleucos (Linnaeus, 1758);2616;Charadriiformes;Scolopacidae;21/05/1873;31/12/1991
12;Aegithalos caudatus (Linnaeus, 1758);4342;Passeriformes;Aegithalidae;11/10/1879;27/05/2005
13;Aegolius funereus (Linnaeus, 1758);3533;Strigiformes;Strigidae;01/01/1850;21/08/1969
14;Aegypius monachus (Linnaeus, 1766);2869;Accipitriformes;Accipitridae;05/06/1884;05/06/1884
15;Aix galericulata (Linnaeus, 1758);2776;Anseriformes;Anatidae;26/11/1947;14/11/1957
16;Alauda arvensis Linnaeus, 1758;3676;Passeriformes;Alaudidae;08/01/1868;09/11/1998
17;Alca torda Linnaeus, 1758;3388;Charadriiformes;Alcidae;04/04/1870;30/10/1984
18;Alcedo atthis (Linnaeus, 1758);3571;Coraciiformes;Alcedinidae;13/10/1908;31/12/2005
19;Alectoris graeca (Meisner, 1804);2971;Galliformes;Phasianidae;25/11/1904;19/03/1963
20;Alectoris rufa (Linnaeus, 1758);2975;Galliformes;Phasianidae;01/10/1878;29/01/1947
21;Alle alle (Linnaeus, 1758);3396;Charadriiformes;Alcidae;07/12/1920;06/11/1995
22;Anas acuta Linnaeus, 1758;1973;Anseriformes;Anatidae;14/04/1873;28/11/1981
23;Anas crecca crecca Linnaeus, 1758;1960;Anseriformes;Anatidae;25/12/1935;20/03/1955
24;Anas platyrhynchos Linnaeus, 1758;1966;Anseriformes;Anatidae;06/10/1926;31/12/1970
25;Anas rubripes Brewster, 1902;1968;Anseriformes;Anatidae;30/11/1972;30/11/1972
26;Anser albifrons (Scopoli, 1769);2734;Anseriformes;Anatidae;18/12/1920;23/01/1947
27;Anser anser anser (Linnaeus, 1758);2744;Anseriformes;Anatidae;17/02/1985;17/02/1985
28;Anthus campestris (Linnaeus, 1758);3713;Passeriformes;Motacillidae;29/04/1868;08/09/1963
29;Anthus petrosus littoralis Brehm, 1823;3719;Passeriformes;Motacillidae;04/10/1913;27/09/1992
30;Anthus petrosus petrosus (Montagu, 1798);3721;Passeriformes;Motacillidae;13/11/1872;24/05/1947
31;Anthus petrosus (Montagu, 1798);3716;Passeriformes;Motacillidae;08/11/1868;01/09/1967
32;Anthus pratensis (Linnaeus, 1758);3726;Passeriformes;Motacillidae;05/05/1879;21/02/2007
33;Anthus richardi Vieillot, 1818;3709;Passeriformes;Motacillidae;30/04/1869;30/04/1869
34;Anthus spinoletta (Linnaeus, 1758);3733;Passeriformes;Motacillidae;10/02/1881;30/11/1988
35;Anthus trivialis (Linnaeus, 1758);3723;Passeriformes;Motacillidae;25/07/1875;18/08/1970
36;Apus apus (Linnaeus, 1758);3551;Caprimulgiformes;Apodidae;23/05/1885;08/02/2002
37;Apus pallidus (Shelley, 1870);3555;Caprimulgiformes;Apodidae;13/06/1951;05/08/1951
38;Aquila chrysaetos (Linnaeus, 1758);2645;Accipitriformes;Accipitridae;25/01/1880;30/11/1979
39;Aquila fasciata Vieillot, 1822;2657;Accipitriformes;Accipitridae;04/10/1881;29/12/1999
40;Ardea cinerea Linnaeus, 1758;2506;Pelecaniformes;Ardeidae;07/03/1868;22/01/1987
41;Ardea purpurea Linnaeus, 1766;2508;Pelecaniformes;Ardeidae;01/08/1871;27/07/1938
42;Ardenna gravis (O'Reilly, 1818);790987;Procellariiformes;Procellariidae;07/11/1937;03/11/1981
43;Ardeola ralloides (Scopoli, 1769);2486;Pelecaniformes;Ardeidae;05/05/1882;28/04/1887
44;Arenaria interpres (Linnaeus, 1758);3239;Charadriiformes;Scolopacidae;01/05/1867;28/08/1951
45;Asio flammeus (Pontoppidan, 1763);3525;Strigiformes;Strigidae;27/11/1868;30/09/1969
46;Asio otus (Linnaeus, 1758);3522;Strigiformes;Strigidae;10/11/1872;18/10/1991
47;Athene noctua (Scopoli, 1769);3511;Strigiformes;Strigidae;23/04/1875;06/10/1994
48;Aythya ferina (Linnaeus, 1758);1991;Anseriformes;Anatidae;20/05/1908;31/03/1969
49;Aythya nyroca (Guldenstädt, 1770);1995;Anseriformes;Anatidae;16/09/1935;19/04/1942
50;Bombycilla garrulus (Linnaeus, 1758);3953;Passeriformes;Bombycillidae;15/01/1867;28/03/2005
51;Bonasa bonasia (Linnaeus, 1758);199294;Galliformes;Phasianidae;10/01/1868;06/03/1998
52;Botaurus stellaris (Linnaeus, 1758);2473;Pelecaniformes;Ardeidae;13/12/1875;15/03/2006
53;Branta bernicla bernicla (Linnaeus, 1758);2760;Anseriformes;Anatidae;11/01/1929;31/12/1970
54;Branta bernicla (Linnaeus, 1758);2757;Anseriformes;Anatidae;28/03/1924;28/03/1924
55;Bubo bubo (Linnaeus, 1758);3493;Strigiformes;Strigidae;08/11/1867;05/11/1981
56;Bubo scandiaca (Linnaeus, 1758);199395;Strigiformes;Strigidae;18/03/1876;18/03/1876
57;Bucephala clangula (Linnaeus, 1758);2808;Anseriformes;Anatidae;13/02/1929;02/01/1963
58;Burhinus oedicnemus (Linnaeus, 1758);3120;Charadriiformes;Burhinidae;01/01/1864;12/02/1956
59;Buteo buteo (Linnaeus, 1758);2623;Accipitriformes;Accipitridae;20/11/1868;29/03/1999
60;Buteo lagopus (Pontoppidan, 1763);2630;Accipitriformes;Accipitridae;22/12/1875;17/12/1885
61;Calandrella brachydactyla (Leisler, 1814);3649;Passeriformes;Alaudidae;10/05/1880;12/05/1949
62;Calandrella rufescens (Vieillot, 1820);199485;Passeriformes;Alaudidae;01/01/1906;31/12/1906
63;Calcarius lapponicus (Linnaeus, 1758);4644;Passeriformes;Calcariidae;11/09/1963;14/09/1989
64;Calidris alba (Pallas, 1764);3195;Charadriiformes;Scolopacidae;30/04/1869;23/09/1982
65;Calidris alpina alpina (Linnaeus, 1758);2916;Charadriiformes;Scolopacidae;12/09/1869;23/09/1979
66;Calidris alpina schinzii (Brehm, 1822);2918;Charadriiformes;Scolopacidae;21/04/1870;01/12/1957
67;Calidris alpina (Linnaeus, 1758);2911;Charadriiformes;Scolopacidae;01/10/1909;27/08/2003
68;Calidris canutus (Linnaeus, 1758);3192;Charadriiformes;Scolopacidae;10/05/1869;25/05/1968
69;Calidris falcinellus (Pontoppidan, 1763);828816;Charadriiformes;Scolopacidae;17/08/1877;17/05/1887
70;Calidris ferruginea (Pontoppidan, 1763);2901;Charadriiformes;Scolopacidae;05/11/1869;09/08/1948
71;Calidris maritima (Brunnich, 1764);2906;Charadriiformes;Scolopacidae;27/11/1869;17/11/1933
72;Calidris melanotos (Vieillot, 1819);3226;Charadriiformes;Scolopacidae;17/09/1935;17/09/1935
73;Calidris minuta (Leisler, 1812);3206;Charadriiformes;Scolopacidae;20/05/1874;19/08/1969
74;Calidris minutilla (Vieillot, 1819);3214;Charadriiformes;Scolopacidae;10/02/1982;10/02/1982
75;Calidris pugnax (Linnaeus, 1758);814245;Charadriiformes;Scolopacidae;10/05/1868;28/09/1975
76;Calidris pusilla (Linnaeus, 1758);3199;Charadriiformes;Scolopacidae;15/09/1930;15/09/1930
77;Calidris subruficollis (Vieillot, 1819);2929;Charadriiformes;Scolopacidae;16/09/1966;16/09/1966
78;Calidris temminckii (Leisler, 1812);3210;Charadriiformes;Scolopacidae;20/08/1876;19/05/1947
79;Calonectris diomedea (Scopoli, 1769);1009;Procellariiformes;Procellariidae;24/05/1878;29/08/1949
80;Caprimulgus europaeus Linnaeus, 1758;3540;Caprimulgiformes;Caprimulgidae;01/06/1862;12/09/1997
81;Caprimulgus ruficollis Temminck, 1820;3544;Caprimulgiformes;Caprimulgidae;25/05/2005;25/05/2005
82;Carduelis cannabina (Linnaeus, 1758);4588;Passeriformes;Fringillidae;23/12/1872;11/06/1978
83;Carduelis carduelis (Linnaeus, 1758);4583;Passeriformes;Fringillidae;25/01/1881;17/06/1993
84;Carduelis chloris (Linnaeus, 1758);4580;Passeriformes;Fringillidae;08/11/1872;02/01/2005
85;Carduelis citrinella (Pallas, 1764);4576;Passeriformes;Fringillidae;02/04/1880;20/08/1998
86;Carduelis corsicana (Koenig, 1899);199502;Passeriformes;Fringillidae;08/03/1910;06/02/1935
87;Carduelis flammea cabaret (Muller, 1776);4598;Passeriformes;Fringillidae;28/01/1878;31/12/1973
88;Carduelis flammea flammea (Linnaeus, 1758);4600;Passeriformes;Fringillidae;25/11/1972;14/01/1973
89;Carduelis flavirostris (Linnaeus, 1758);4590;Passeriformes;Fringillidae;02/12/1868;19/02/1873
90;Carduelis hornemanni (Holboell, 1843);199503;Passeriformes;Fringillidae;22/10/1972;22/10/1972
91;Carduelis spinus (Linnaeus, 1758);4586;Passeriformes;Fringillidae;14/02/1878;16/12/2002
92;Cepphus grylle (Linnaeus, 1758);3392;Charadriiformes;Alcidae;01/01/1870;31/03/1980
93;Certhia brachydactyla C.L. Brehm, 1820;3791;Passeriformes;Certhiidae;22/11/1916;17/01/2009
94;Certhia familiaris Linnaeus, 1758;3784;Passeriformes;Certhiidae;07/10/1910;25/05/1931
95;Cettia cetti (Temminck, 1820);4151;Passeriformes;Sylviidae;04/03/1910;15/11/1982
96;Charadrius alexandrinus Linnaeus, 1758;3142;Charadriiformes;Charadriidae;13/07/1869;27/08/1949
97;Charadrius dubius Scopoli, 1786;3136;Charadriiformes;Charadriidae;31/08/1869;07/06/1934
98;Charadrius hiaticula Linnaeus, 1758;3140;Charadriiformes;Charadriidae;04/05/1873;25/08/1951
99;Chlidonias hybrida (Pallas, 1811);459627;Charadriiformes;Laridae;12/05/1939;12/05/1939
100;Chlidonias leucopterus (Temminck, 1815);3374;Charadriiformes;Laridae;18/05/1941;18/05/1941
101;Chlidonias niger (Linnaeus, 1758);3371;Charadriiformes;Laridae;01/01/1822;18/10/1952
102;Chroicocephalus ridibundus (Linnaeus, 1766);530157;Charadriiformes;Laridae;03/10/1909;19/07/1990
103;Ciconia ciconia (Linnaeus, 1758);2517;Pelecaniformes;Ciconiidae;11/03/1869;17/06/1877
104;Ciconia nigra (Linnaeus, 1758);2514;Pelecaniformes;Ciconiidae;08/09/1880;18/08/1887
105;Cinclus cinclus (Linnaeus, 1758);3958;Passeriformes;Cinclidae;14/03/1871;04/09/2003
106;Circaetus gallicus (Gmelin, 1788);2873;Accipitriformes;Accipitridae;06/05/1872;04/04/1980
107;Circus aeruginosus (Linnaeus, 1758);2878;Accipitriformes;Accipitridae;10/09/1868;10/02/2003
108;Circus cyaneus (Linnaeus, 1758);2881;Accipitriformes;Accipitridae;19/11/1868;07/10/1996
109;Circus macrourus (S. G. Gmelin, 1771);2884;Accipitriformes;Accipitridae;28/04/1882;08/04/1885
110;Circus pygargus (Linnaeus, 1758);2887;Accipitriformes;Accipitridae;01/01/1810;01/05/1989
111;Cisticola juncidis (Rafinesque, 1810);4155;Passeriformes;Cisticolidae;17/11/1881;31/03/1952
112;Clamator glandarius (Linnaeus, 1758);3461;Cuculiformes;Cuculidae;18/06/1947;16/08/1968
113;Clanga pomarina (C. L. Brehm, 1831);836345;Accipitriformes;Accipitridae;03/11/1885;03/11/1885
114;Clangula hyemalis (Linnaeus, 1758);2790;Anseriformes;Anatidae;26/11/1922;26/11/1922
115;Coccothraustes coccothraustes (Linnaeus, 1758);4625;Passeriformes;Fringillidae;28/03/1882;23/10/1998
116;Coccyzus erythropthalmus (Wilson, 1811);199394;Cuculiformes;Cuculidae;20/07/1886;20/07/1886
117;Colinus virginianus (Linnaeus, 1758);3017;Galliformes;Odontophoridae;07/11/1938;29/11/1973
118;Columba livia Gmelin, 1789;3420;Columbiformes;Columbidae;13/09/1879;24/09/1975
119;Columba oenas Linnaeus, 1758;3422;Columbiformes;Columbidae;02/04/1869;15/05/1988
120;Columba palumbus Linnaeus, 1758;3424;Columbiformes;Columbidae;01/01/1908;25/02/1998
121;Coracias garrulus Linnaeus, 1758;3586;Coraciiformes;Coraciidae;06/09/1883;02/09/1953
122;Corvus corax Linnaeus, 1758;4510;Passeriformes;Corvidae;20/05/1869;10/02/1969
123;Corvus corone cornix Linnaeus, 1758;4505;Passeriformes;Corvidae;27/11/1868;01/02/1953
124;Corvus corone corone Linnaeus, 1758;4507;Passeriformes;Corvidae;12/01/1883;17/07/2008
125;Corvus frugilegus Linnaeus, 1758;4501;Passeriformes;Corvidae;08/11/1872;01/06/1952
126;Corvus monedula spermologus (Vieillot, 1821);4499;Passeriformes;Corvidae;05/06/1903;31/03/1963
127;Corvus monedula Linnaeus, 1758;4494;Passeriformes;Corvidae;01/07/1916;18/06/1973
128;Coturnix coturnix (Linnaeus, 1758);2996;Galliformes;Phasianidae;25/07/1882;30/04/1983
129;Crex crex (Linnaeus, 1758);3053;Gruiformes;Rallidae;04/05/1872;31/10/1961
130;Cuculus canorus Linnaeus, 1758;3465;Cuculiformes;Cuculidae;30/05/1875;26/09/1990
131;Delichon urbicum (Linnaeus, 1758);459478;Passeriformes;Hirundinidae;01/07/1868;15/08/1991
132;Dendrocopos major (Linnaeus, 1758);3611;Piciformes;Picidae;20/10/1879;24/09/1994
133;Dendrocopos medius (Linnaeus, 1758);3619;Piciformes;Picidae;03/05/1869;22/09/1954
134;Dendrocopos minor (Linnaeus, 1758);3630;Piciformes;Picidae;04/06/1877;01/06/1983
135;Dryocopus martius (Linnaeus, 1758);3608;Piciformes;Picidae;06/10/1879;02/05/2004
136;Egretta garzetta (Linnaeus, 1766);2497;Pelecaniformes;Ardeidae;01/05/1906;19/04/1942
137;Emberiza bruniceps Brandt, 1841;4654;Passeriformes;Emberizidae;23/09/1963;23/09/1963
138;Emberiza calandra Linnaeus, 1758;4686;Passeriformes;Emberizidae;21/04/1878;09/05/2013
139;Emberiza cia Linnaeus, 1766;4663;Passeriformes;Emberizidae;11/02/1877;15/08/1970
140;Emberiza cirlus Linnaeus, 1758;4659;Passeriformes;Emberizidae;20/12/1881;08/07/2005
141;Emberiza citrinella Linnaeus, 1758;4657;Passeriformes;Emberizidae;23/11/1873;06/09/1993
142;Emberiza hortulana Linnaeus, 1758;4665;Passeriformes;Emberizidae;31/08/1872;19/08/1993
143;Emberiza pusilla Pallas, 1776;4667;Passeriformes;Emberizidae;23/10/1966;23/10/1966
144;Emberiza schoeniclus schoeniclus (Linnaeus, 1758);4671;Passeriformes;Emberizidae;06/01/1873;30/11/1988
145;Emberiza schoeniclus (Linnaeus, 1758);4669;Passeriformes;Emberizidae;22/01/1911;27/03/1967
146;Eremophila alpestris (Linnaeus, 1758);3681;Passeriformes;Alaudidae;06/12/1869;31/12/1939
147;Erithacus rubecula (Linnaeus, 1758);4001;Passeriformes;Saxicolidae;07/04/1885;09/04/2013
148;Eudromias morinellus (Linnaeus, 1758);3153;Charadriiformes;Charadriidae;02/05/1868;26/09/1977
149;Falco columbarius Linnaeus, 1758;2676;Falconiformes;Falconidae;25/09/1868;29/10/1986
150;Falco eleonorae Géné, 1839;2681;Falconiformes;Falconidae;14/06/1953;14/06/1953
151;Falco naumanni Fleischer, 1818;2666;Falconiformes;Falconidae;17/03/1952;17/03/1952
152;Falco peregrinus Tunstall, 1771;2938;Falconiformes;Falconidae;01/01/1869;08/02/1990
153;Falco subbuteo Linnaeus, 1758;2679;Falconiformes;Falconidae;10/10/1863;20/09/1988
154;Falco tinnunculus Linnaeus, 1758;2669;Falconiformes;Falconidae;01/01/1857;15/01/2003
155;Falco vespertinus Linnaeus, 1766;2674;Falconiformes;Falconidae;11/09/1869;31/03/1890
156;Ficedula albicollis (Temminck, 1815);4327;Passeriformes;Muscicapidae;19/04/1949;19/04/1949
157;Ficedula hypoleuca (Pallas, 1764);4330;Passeriformes;Muscicapidae;25/09/1873;12/04/2013
158;Ficedula parva (Bechstein, 1794);4324;Passeriformes;Muscicapidae;05/10/1961;05/10/1961
159;Fratercula arctica (Linnaeus, 1758);3402;Charadriiformes;Alcidae;26/07/1908;05/01/1991
160;Fringilla coelebs Linnaeus, 1758;4564;Passeriformes;Fringillidae;23/11/1873;15/02/2000
161;Fringilla montifringilla Linnaeus, 1758;4568;Passeriformes;Fringillidae;01/03/1860;01/04/2000
162;Fulica atra Linnaeus, 1758;3070;Gruiformes;Rallidae;15/12/1871;23/08/1987
163;Fulmarus glacialis (Linnaeus, 1761);998;Procellariiformes;Procellariidae;23/04/1979;30/01/1990
164;Galerida cristata (Linnaeus, 1758);3656;Passeriformes;Alaudidae;23/11/1873;20/10/1939
165;Galerida theklae (C. L. Brehm, 1858);3661;Passeriformes;Alaudidae;21/05/1981;21/05/1981
166;Gallinago gallinago (Linnaeus, 1758);2543;Charadriiformes;Scolopacidae;24/03/1872;17/07/1974
167;Gallinago media (Latham, 1787);2549;Charadriiformes;Scolopacidae;20/04/1870;31/03/1949
168;Gallinula chloropus (Linnaeus, 1758);3059;Gruiformes;Rallidae;01/11/1875;10/01/2000
169;Garrulus glandarius (Linnaeus, 1758);4466;Passeriformes;Corvidae;04/10/1872;15/11/1994
170;Gavia adamsii (Gray, 1859);953;Gaviiformes;Gaviidae;16/11/1976;21/01/1981
171;Gavia arctica (Linnaeus, 1758);956;Gaviiformes;Gaviidae;14/04/1880;12/12/1991
172;Gavia immer (Brunnich, 1764);959;Gaviiformes;Gaviidae;19/04/1924;25/03/2006
173;Gavia stellata (Pontoppidan, 1763);2411;Gaviiformes;Gaviidae;09/04/1929;11/10/1983
174;Gelochelidon nilotica (Gmelin, 1789);3332;Charadriiformes;Laridae;15/05/1941;15/05/1941
175;Glareola pratincola (Linnaeus, 1766);3129;Charadriiformes;Glareolidae;29/05/1879;17/06/1930
176;Grus grus (Linnaeus, 1758);3076;Gruiformes;Gruidae;05/11/1881;01/10/1959
177;Gypaetus barbatus (Linnaeus, 1758);2852;Accipitriformes;Accipitridae;02/02/1872;05/02/1878
178;Gyps fulvus (Hablizl, 1783);2860;Accipitriformes;Accipitridae;07/03/1871;04/04/1990
179;Haematopus ostralegus Linnaeus, 1758;3106;Charadriiformes;Haematopodidae;25/03/1868;20/01/1987
180;Haliaeetus albicilla (Linnaeus, 1758);2848;Accipitriformes;Accipitridae;15/01/1868;30/11/1958
181;Hieraaetus pennatus (Gmelin, 1788);2651;Accipitriformes;Accipitridae;01/03/1849;28/08/1882
182;Himantopus himantopus (Linnaeus, 1758);3112;Charadriiformes;Recurvirostridae;29/04/1874;30/04/1949
183;Hippolais icterina (Vieillot, 1817);4212;Passeriformes;Sylviidae;01/05/1867;19/09/1970
184;Hippolais polyglotta (Vieillot, 1817);4215;Passeriformes;Sylviidae;01/06/1879;25/06/1987
185;Hirundo rustica Linnaeus, 1758;3696;Passeriformes;Hirundinidae;02/05/1867;04/07/1993
186;Hydrobates castro (Harcourt, 1851);790985;Procellariiformes;Hydrobatidae;07/10/1984;07/10/1984
187;Hydrobates leucorhous (Vieillot, 1818);790986;Procellariiformes;Hydrobatidae;24/12/1929;08/12/1992
188;Hydrobates pelagicus (Linnaeus, 1758);2419;Procellariiformes;Hydrobatidae;01/05/1921;29/08/1989
189;Hydrocoloeus minutus (Pallas, 1776);534748;Charadriiformes;Laridae;01/05/1908;06/11/1989
190;Ichthyaetus audouinii (Payraudeau, 1826);627743;Charadriiformes;Laridae;05/03/1951;05/03/1951
191;Ichthyaetus melanocephalus (Temminck, 1820);627745;Charadriiformes;Laridae;01/01/1899;27/01/1980
192;Jynx torquilla Linnaeus, 1758;3595;Piciformes;Picidae;27/03/1873;14/09/1982
193;Lagopus muta helvetica (Thienemann, 1829);2954;Galliformes;Phasianidae;03/11/1938;03/11/1938
194;Lanius collurio Linnaeus, 1758;3807;Passeriformes;Laniidae;26/05/1873;01/06/2012
195;Lanius excubitor Linnaeus, 1758;3814;Passeriformes;Laniidae;24/10/1869;03/02/1963
196;Lanius meridionalis Temminck, 1820;199409;Passeriformes;Laniidae;30/10/1881;02/01/1969
197;Lanius minor Gmelin, 1788;3811;Passeriformes;Laniidae;15/07/1869;14/06/1927
198;Lanius senator badius Hartlaub, 1854;4463;Passeriformes;Laniidae;16/06/1912;12/05/1931
199;Lanius senator senator Linnaeus, 1758;4462;Passeriformes;Laniidae;07/09/1873;18/08/1962
200;Lanius senator Linnaeus, 1758;4460;Passeriformes;Laniidae;04/09/1873;10/05/1880
201;Larus argentatus Pontoppidan, 1763;3302;Charadriiformes;Laridae;19/02/1918;10/06/1991
202;Larus canus Linnaeus, 1758;3293;Charadriiformes;Laridae;01/10/1909;19/07/1990
203;Larus fuscus fuscus Linnaeus, 1758;3299;Charadriiformes;Laridae;13/09/1929;11/11/1987
204;Larus fuscus graellsii Brehm, 1857;3300;Charadriiformes;Laridae;12/08/1930;07/05/1979
205;Larus fuscus Linnaeus, 1758;3297;Charadriiformes;Laridae;05/12/1917;03/09/1930
206;Larus glaucoides Meyer, 1822;3307;Charadriiformes;Laridae;27/10/1992;27/10/1992
207;Larus hyperboreus Gunnerus, 1767;3309;Charadriiformes;Laridae;15/02/1974;15/02/1974
208;Larus marinus Linnaeus, 1758;3311;Charadriiformes;Laridae;04/12/1917;23/01/1939
209;Larus michahellis Naumann, 1840;199374;Charadriiformes;Laridae;11/10/1909;28/08/1989
210;Limosa lapponica (Linnaeus, 1758);2568;Charadriiformes;Scolopacidae;08/09/1867;11/09/1983
211;Limosa limosa islandica Brehm, 1831;2567;Charadriiformes;Scolopacidae;12/09/1966;12/09/1966
212;Limosa limosa limosa (Linnaeus, 1758);2566;Charadriiformes;Scolopacidae;28/04/1874;21/11/1968
213;Limosa limosa (Linnaeus, 1758);2563;Charadriiformes;Scolopacidae;23/04/1874;05/05/2002
214;Locustella fluviatilis (Wolf, 1810);4170;Passeriformes;Sylviidae;11/09/1962;11/09/1962
215;Locustella luscinioides (Savi, 1824);4172;Passeriformes;Sylviidae;06/07/1929;16/06/1934
216;Locustella naevia (Boddaert, 1783);4167;Passeriformes;Sylviidae;21/06/1868;24/08/2000
217;Lophophanes cristatus (Linnaeus, 1758);534750;Passeriformes;Paridae;09/10/1879;31/03/1972
218;Loxia curvirostra Linnaeus, 1758;4603;Passeriformes;Fringillidae;01/05/1860;20/09/2002
219;Loxia pytyopsittacus Borkhausen, 1793;4607;Passeriformes;Fringillidae;17/10/1887;17/10/1887
220;Lullula arborea (Linnaeus, 1758);3670;Passeriformes;Alaudidae;10/01/1868;19/01/1987
221;Luscinia luscinia (Linnaeus, 1758);4010;Passeriformes;Saxicolidae;20/09/1989;20/09/1989
222;Luscinia megarhynchos C. L. Brehm, 1831;4013;Passeriformes;Saxicolidae;01/05/1904;02/06/2003
223;Luscinia svecica cyanecula (Wolf, 1810);4027;Passeriformes;Saxicolidae;06/09/1869;25/03/1961
224;Luscinia svecica namnetum Mayaud, 1934;4028;Passeriformes;Saxicolidae;21/07/1872;29/08/1989
225;Luscinia svecica svecica (Linnaeus, 1758);4026;Passeriformes;Saxicolidae;11/09/1933;15/09/1946
226;Luscinia svecica (Linnaeus, 1758);4023;Passeriformes;Saxicolidae;20/04/1915;12/09/1934
227;Lymnocryptes minimus (Brunnich, 1764);2538;Charadriiformes;Scolopacidae;15/11/1867;15/07/1957
228;Lyrurus tetrix (Linnaeus, 1758);2962;Galliformes;Phasianidae;22/10/1927;20/10/1938
229;Mareca penelope (Linnaeus, 1758);1952;Anseriformes;Anatidae;31/12/1927;11/10/1977
230;Mareca strepera (Linnaeus, 1758);836203;Anseriformes;Anatidae;16/02/1919;30/09/1952
231;Melanitta fusca (Linnaeus, 1758);2801;Anseriformes;Anatidae;22/03/1919;03/01/1937
232;Melanitta nigra (Linnaeus, 1758);2794;Anseriformes;Anatidae;30/04/1929;06/03/1990
233;Melanocorypha calandra (Linnaeus, 1766);3644;Passeriformes;Alaudidae;13/01/1880;24/08/2005
234;Mergellus albellus (Linnaeus, 1758);199312;Anseriformes;Anatidae;01/12/1920;04/01/1979
235;Mergus merganser Linnaeus, 1758;2818;Anseriformes;Anatidae;26/11/1917;30/09/1997
236;Mergus serrator Linnaeus, 1758;2816;Anseriformes;Anatidae;11/03/1918;31/03/1980
237;Merops apiaster Linnaeus, 1758;3582;Coraciiformes;Meropidae;25/04/1880;31/07/1972
238;Milvus migrans (Boddaert, 1783);2840;Accipitriformes;Accipitridae;24/03/1872;28/07/1990
239;Milvus milvus (Linnaeus, 1758);2844;Accipitriformes;Accipitridae;08/01/1872;31/12/1987
240;Monticola saxatilis (Linnaeus, 1758);4084;Passeriformes;Saxicolidae;27/05/1879;27/05/1945
241;Monticola solitarius (Linnaeus, 1758);4087;Passeriformes;Saxicolidae;04/12/1880;10/01/1953
242;Montifringilla nivalis (Linnaeus, 1766);4537;Passeriformes;Passeridae;20/12/1878;02/11/1959
243;Morus bassanus (Linnaeus, 1758);2437;Pelecaniformes;Sulidae;15/04/1870;12/02/1988
244;Motacilla alba alba Linnaeus, 1758;3943;Passeriformes;Motacillidae;01/10/1873;19/01/1987
245;Motacilla alba yarrellii Gould, 1837;3945;Passeriformes;Motacillidae;01/10/1873;07/01/1985
246;Motacilla alba Linnaeus, 1758;3941;Passeriformes;Motacillidae;24/06/1875;24/06/1875
247;Motacilla cinerea Tunstall, 1771;3755;Passeriformes;Motacillidae;18/03/1871;28/11/1985
248;Motacilla flava cinereocapilla Savi, 1831;3748;Passeriformes;Motacillidae;29/03/1952;29/03/1952
249;Motacilla flava flava Linnaeus, 1758;3744;Passeriformes;Motacillidae;14/04/1879;29/03/1956
250;Motacilla flava flavissima (Blyth, 1834);3745;Passeriformes;Motacillidae;12/05/1876;25/09/1973
251;Motacilla flava iberiae Hartert, 1921;3747;Passeriformes;Motacillidae;03/05/1930;10/05/1950
252;Motacilla flava Linnaeus, 1758;3741;Passeriformes;Motacillidae;20/04/1869;26/08/2003
253;Muscicapa striata (Pallas, 1764);4319;Passeriformes;Muscicapidae;11/06/1882;18/09/1986
254;Neophron percnopterus (Linnaeus, 1758);2856;Accipitriformes;Accipitridae;02/02/1872;09/05/1885
255;Netta rufina (Pallas, 1773);1984;Anseriformes;Anatidae;04/03/1958;04/03/1958
256;Nucifraga caryocatactes caryocatactes (Linnaeus, 1758);4482;Passeriformes;Corvidae;04/10/1887;26/09/1969
257;Nucifraga caryocatactes macrorhynchus Brehm, 1823;4483;Passeriformes;Corvidae;10/09/1950;07/10/1968
258;Nucifraga caryocatactes (Linnaeus, 1758);4480;Passeriformes;Corvidae;27/10/1887;16/09/1968
259;Numenius arquata (Linnaeus, 1758);2576;Charadriiformes;Scolopacidae;04/09/1877;14/02/1991
260;Numenius tenuirostris Vieillot, 1817;2574;Charadriiformes;Scolopacidae;01/10/1880;01/10/1880
261;Nycticorax nycticorax (Linnaeus, 1758);2481;Pelecaniformes;Ardeidae;27/10/1876;14/07/1966
262;Oenanthe hispanica (Linnaeus, 1758);4074;Passeriformes;Muscicapidae;23/04/1880;01/09/1963
263;Oenanthe isabellina (Temminck, 1829);4062;Passeriformes;Muscicapidae;27/09/1970;27/09/1970
264;Oenanthe oenanthe leucorhoa (Gmelin, 1789);4068;Passeriformes;Muscicapidae;23/04/1919;25/09/1979
265;Oenanthe oenanthe oenanthe (Linnaeus, 1758);4067;Passeriformes;Muscicapidae;23/03/1868;27/03/1989
266;Oenanthe oenanthe (Linnaeus, 1758);4064;Passeriformes;Muscicapidae;27/03/1873;31/12/1937
267;Oriolus oriolus (Linnaeus, 1758);3803;Passeriformes;Oriolidae;30/06/1853;05/09/1979
268;Otus scops (Linnaeus, 1758);3489;Strigiformes;Strigidae;03/05/1878;16/12/1980
269;Pandion haliaetus (Linnaeus, 1758);2660;Accipitriformes;Pandionidae;15/09/1872;30/06/1979
270;Panurus biarmicus (Linnaeus, 1758);4338;Passeriformes;Sylviidae;20/12/1881;24/12/1949
271;Parkesia noveboracensis (Gmelin, 1789);626165;Passeriformes;Parulidae;17/09/1955;17/09/1955
272;Parus major Linnaeus, 1758;3764;Passeriformes;Paridae;23/09/1881;05/04/1999
273;Parus montanus montanus Conrad von Baldenstein, 1827;4357;Passeriformes;Paridae;18/04/1852;21/08/1969
274;Parus montanus rhenanus Kleinschmidt, 1910;4359;Passeriformes;Paridae;26/02/1924;03/08/1959
275;Passer domesticus domesticus (Linnaeus, 1758);4527;Passeriformes;Passeridae;01/01/1862;08/09/2003
276;Passer italiae (Vieillot, 1817);199494;Passeriformes;Passeridae;11/01/1910;26/05/1931
277;Passer montanus (Linnaeus, 1758);4532;Passeriformes;Passeridae;23/11/1873;02/01/1988
278;Perdix perdix perdix (Linnaeus, 1758);458693;Galliformes;Phasianidae;04/11/1922;12/05/1992
279;Perdix perdix (Linnaeus, 1758);2989;Galliformes;Phasianidae;15/10/1871;30/11/1976
280;Periparus ater (Linnaeus, 1758);534751;Passeriformes;Paridae;29/09/1878;13/02/1982
281;Pernis apivorus (Linnaeus, 1758);2832;Accipitriformes;Accipitridae;04/08/1868;01/06/1998
282;Petronia petronia (Linnaeus, 1766);4540;Passeriformes;Passeridae;07/11/1910;04/06/1965
283;Phalacrocorax aristotelis aristotelis (Linnaeus, 1761);2450;Pelecaniformes;Phalacrocoracidae;07/08/1877;20/12/1982
284;Phalacrocorax aristotelis desmarestii (Payraudeau, 1826);2452;Pelecaniformes;Phalacrocoracidae;26/07/1980;31/12/1982
285;Phalacrocorax carbo carbo (Linnaeus, 1758);2442;Pelecaniformes;Phalacrocoracidae;24/04/1911;05/02/1987
286;Phalacrocorax carbo (Linnaeus, 1758);2440;Pelecaniformes;Phalacrocoracidae;18/03/1869;08/04/1964
287;Phalaropus fulicarius (Linnaeus, 1758);3250;Charadriiformes;Scolopacidae;14/11/1869;18/12/1982
288;Phalaropus lobatus (Linnaeus, 1758);3243;Charadriiformes;Scolopacidae;16/09/1869;21/10/1937
289;Phasianus colchicus Linnaeus, 1758;3003;Galliformes;Phasianidae;23/11/1931;20/09/1936
290;Phoenicurus ochruros (S. G. Gmelin, 1774);4035;Passeriformes;Saxicolidae;27/03/1873;22/06/2013
291;Phoenicurus phoenicurus (Linnaeus, 1758);4040;Passeriformes;Saxicolidae;01/05/1867;11/07/2003
292;Phylloscopus bonelli (Vieillot, 1819);4269;Passeriformes;Sylviidae;04/01/1882;27/05/1970
293;Phylloscopus collybita collyba (Vieillot, 1817);4285;Passeriformes;Sylviidae;29/09/1873;28/12/1985
294;Phylloscopus collybita (Vieillot, 1887);4280;Passeriformes;Sylviidae;28/01/1910;26/05/2005
295;Phylloscopus ibericus Ticehurst, 1937;199477;Passeriformes;Sylviidae;26/05/1928;24/05/1939
296;Phylloscopus proregulus (Pallas, 1811);4267;Passeriformes;Sylviidae;25/10/1989;25/10/1989
297;Phylloscopus sibilatrix (Bechstein, 1793);4272;Passeriformes;Sylviidae;08/04/1887;01/05/1949
298;Phylloscopus trochilus acredula (Linnaeus, 1758);4294;Passeriformes;Sylviidae;23/04/1938;23/04/1938
299;Phylloscopus trochilus trochilus (Linnaeus, 1758);4292;Passeriformes;Sylviidae;06/09/1882;05/09/2004
300;Pica pica (Linnaeus, 1758);4474;Passeriformes;Corvidae;01/01/1860;18/11/1980
301;Picus canus Gmelin, 1788;3601;Piciformes;Picidae;12/04/1865;13/12/1937
302;Picus viridis sharpei (H. Saunders, 1872);3605;Piciformes;Picidae;24/01/1928;04/11/1968
303;Picus viridis viridis Linnaeus, 1758;444422;Piciformes;Picidae;06/12/1881;21/11/2007
304;Picus viridis Linnaeus, 1758;3603;Piciformes;Picidae;07/06/1932;04/08/2004
305;Platalea leucorodia Linnaeus, 1758;2530;Pelecaniformes;Threskiornithidae;07/04/1871;24/07/1932
306;Plectrophenax nivalis (Linnaeus, 1758);4649;Passeriformes;Calcariidae;15/10/1869;25/10/1938
307;Plegadis falcinellus (Linnaeus, 1766);2522;Pelecaniformes;Threskiornithidae;29/04/1880;01/09/1948
308;Pluvialis apricaria altifrons (Brehm, 1831);3164;Charadriiformes;Charadriidae;15/10/1924;15/05/1932
309;Pluvialis apricaria (Linnaeus, 1758);3161;Charadriiformes;Charadriidae;13/11/1872;08/11/1984
310;Pluvialis squatarola (Linnaeus, 1758);3165;Charadriiformes;Charadriidae;30/11/1869;21/11/1968
311;Podiceps auritus (Linnaeus, 1758);971;Podicipediformes;Podicipedidae;06/12/1923;31/03/1980
312;Podiceps cristatus (Linnaeus, 1758);965;Podicipediformes;Podicipedidae;10/08/1919;28/02/1984
313;Podiceps grisegena (Boddaert, 1783);968;Podicipediformes;Podicipedidae;11/09/1938;16/11/1983
314;Podiceps nigricollis Brehm, 1831;974;Podicipediformes;Podicipedidae;29/10/1928;31/03/1980
315;Poecile palustris (Linnaeus, 1758);534753;Passeriformes;Paridae;10/04/1885;15/01/1961
316;Porphyrio alleni Thomson, 1842;3065;Gruiformes;Rallidae;29/12/1951;22/01/1991
317;Porzana porzana (Linnaeus, 1766);3039;Gruiformes;Rallidae;06/09/1869;02/05/1990
318;Prunella collaris (Scopoli, 1769);3984;Passeriformes;Prunellidae;01/01/1850;16/09/1996
319;Prunella modularis (Linnaeus, 1758);3978;Passeriformes;Prunellidae;05/12/1879;22/02/2007
320;Pterocles alchata (Linnaeus, 1758);3408;Pterocliformes;Pteroclidae;01/10/1881;30/08/1884
321;Ptyonoprogne rupestris (Scopoli, 1769);3692;Passeriformes;Hirundinidae;03/05/1880;13/05/1931
322;Puffinus griseus (Gmelin, 1789);1024;Procellariiformes;Procellariidae;25/09/1872;31/10/1962
323;Puffinus mauretanicus Lowe, 1921;199318;Procellariiformes;Procellariidae;24/07/1928;17/08/1992
324;Puffinus puffinus (Brunnich, 1764);1027;Procellariiformes;Procellariidae;14/08/1873;28/09/1981
325;Puffinus yelkouan (Acerbi, 1827);1031;Procellariiformes;Procellariidae;12/07/1879;17/04/1947
326;Pyrrhocorax graculus (Linnaeus, 1766);4485;Passeriformes;Corvidae;15/03/1871;10/06/1945
327;Pyrrhocorax pyrrhocorax (Linnaeus, 1758);4488;Passeriformes;Corvidae;21/12/1878;13/02/2003
328;Pyrrhula pyrrhula europaea Vieillot, 1816;4623;Passeriformes;Fringillidae;06/04/1873;18/05/1992
329;Pyrrhula pyrrhula pyrrhula (Linnaeus, 1758);4621;Passeriformes;Fringillidae;20/12/1931;06/03/1988
330;Pyrrhula pyrrhula (Linnaeus, 1758);4619;Passeriformes;Fringillidae;11/10/1879;04/12/1985
331;Rallus aquaticus Linnaeus, 1758;3036;Gruiformes;Rallidae;15/11/1867;25/11/1990
332;Recurvirostra avosetta Linnaeus, 1758;3116;Charadriiformes;Recurvirostridae;12/04/1873;14/01/1952
333;Regulus ignicapilla (Temminck, 1820);459638;Passeriformes;Regulidae;13/10/1876;05/02/1983
334;Regulus regulus (Linnaeus, 1758);4308;Passeriformes;Regulidae;06/10/1884;06/11/1990
335;Remiz pendulinus (Linnaeus, 1758);3798;Passeriformes;Remizidae;09/01/1886;09/01/1886
336;Riparia riparia (Linnaeus, 1758);3688;Passeriformes;Hirundinidae;26/04/1878;10/08/1997
337;Rissa tridactyla (Linnaeus, 1758);3318;Charadriiformes;Laridae;04/12/1917;01/02/1984
338;Saxicola rubetra (Linnaeus, 1758);4049;Passeriformes;Saxicolidae;25/04/1869;08/10/2005
339;Saxicola rubicola (Linnaeus, 1766);199425;Passeriformes;Saxicolidae;18/03/1873;10/09/2003
340;Scolopax rusticola Linnaeus, 1758;2559;Charadriiformes;Scolopacidae;11/11/1910;31/12/1989
341;Serinus serinus (Linnaeus, 1766);4571;Passeriformes;Fringillidae;23/04/1880;17/08/1969
342;Setophaga ruticilla (Linnaeus, 1758);4636;Passeriformes;Parulidae;11/10/1961;11/10/1961
343;Sitta europaea Linnaeus, 1758;3774;Passeriformes;Sittidae;20/10/1869;23/11/1989
344;Sitta whiteheadi Sharpe, 1884;3772;Passeriformes;Sittidae;01/10/1910;01/10/1910
345;Somateria mollissima (Linnaeus, 1758);2005;Anseriformes;Anatidae;24/11/1925;22/12/1975
346;Spatula clypeata (Linnaeus, 1758);1972;Anseriformes;Anatidae;07/09/1927;07/09/1927
347;Spatula discors (Linnaeus, 1766);836223;Anseriformes;Anatidae;25/12/1965;25/12/1965
348;Spatula querquedula (Linnaeus, 1758);836222;Anseriformes;Anatidae;05/03/1945;20/03/1955
349;Stercorarius longicaudus Vieillot, 1819;3261;Charadriiformes;Stercorariidae;17/09/1935;04/11/1988
350;Stercorarius parasiticus (Linnaeus, 1758);3258;Charadriiformes;Stercorariidae;02/11/1925;10/11/1982
351;Stercorarius pomarinus (Temminck, 1815);3255;Charadriiformes;Stercorariidae;10/12/1929;26/10/1982
352;Stercorarius skua (Brunnich, 1764);3263;Charadriiformes;Stercorariidae;10/12/1922;19/02/1990
353;Sterna dougallii Montagu, 1813;3364;Charadriiformes;Laridae;27/05/1927;24/05/1947
354;Sterna hirundo Linnaeus, 1758;3343;Charadriiformes;Laridae;09/09/1874;16/10/1992
355;Sterna paradisaea Pontoppidan, 1763;3345;Charadriiformes;Laridae;30/10/1925;28/09/1952
356;Sternula albifrons (Pallas, 1764);3352;Charadriiformes;Laridae;01/08/1907;25/09/1951
357;Streptopelia decaocto (Frivaldszky, 1838);3429;Columbiformes;Columbidae;01/08/1977;16/03/1998
358;Streptopelia roseogrisea (Sundevall, 1857);3432;Columbiformes;Columbidae;01/01/1974;31/12/1974
359;Streptopelia turtur (Linnaeus, 1758);3439;Columbiformes;Columbidae;01/06/1884;16/05/1993
360;Strix aluco Linnaeus, 1758;3518;Strigiformes;Strigidae;25/04/1872;31/12/1992
361;Sturnus roseus (Linnaeus, 1758);4520;Passeriformes;Sturnidae;07/06/1960;07/06/1960
362;Sturnus unicolor Temminck, 1820;4518;Passeriformes;Sturnidae;06/01/1869;06/01/1869
363;Sturnus vulgaris Linnaeus, 1758;4516;Passeriformes;Sturnidae;08/03/1874;31/01/1995
364;Sylvia atricapilla (Linnaeus, 1758);4257;Passeriformes;Sylviidae;27/03/1873;04/12/2004
365;Sylvia borin (Boddaert, 1783);4254;Passeriformes;Sylviidae;01/01/1882;07/07/1990
366;Sylvia cantillans (Pallas, 1764);4229;Passeriformes;Sylviidae;15/04/1916;05/04/2000
367;Sylvia communis Latham, 1787;4252;Passeriformes;Sylviidae;05/05/1873;09/05/1994
368;Sylvia conspicillata Temminck, 1820;4227;Passeriformes;Sylviidae;25/04/1930;25/04/1933
369;Sylvia curruca (Linnaeus, 1758);4247;Passeriformes;Sylviidae;15/07/1907;17/08/1970
370;Sylvia hortensis (Gmelin, 1789);4242;Passeriformes;Sylviidae;14/08/1873;17/08/1949
371;Sylvia melanocephala (Gmelin, 1789);4232;Passeriformes;Sylviidae;20/01/1887;04/08/1985
372;Sylvia sarda Temminck, 1820;4219;Passeriformes;Sylviidae;11/02/1910;28/04/1973
373;Sylvia undata undata (Boddaert, 1783);4224;Passeriformes;Sylviidae;16/11/1909;09/03/1952
374;Sylvia undata (Boddaert, 1783);4221;Passeriformes;Sylviidae;14/01/1902;15/05/1933
375;Syrmaticus reevesii (J. E. Gray, 1829);3000;Galliformes;Phasianidae;04/12/1949;04/12/1949
376;Syrrhaptes paradoxus (Pallas, 1773);3415;Pterocliformes;Pteroclidae;17/05/1888;17/05/1888
377;Tachymarptis melba (Linnaeus, 1758);3561;Caprimulgiformes;Apodidae;12/09/1931;07/05/1965
378;Tadorna tadorna (Linnaeus, 1758);2767;Anseriformes;Anatidae;28/01/1933;28/01/1933
379;Tetrao urogallus aquitanicus Ingram, 1915;2966;Galliformes;Phasianidae;01/09/1881;01/09/1881
380;Tetrao urogallus Linnaeus, 1758;2964;Galliformes;Phasianidae;15/10/1868;07/04/1884
381;Tetrax tetrax (Linnaeus, 1758);3089;Otidiformes;Otididae;28/09/1868;31/12/1908
382;Thalasseus sandvicensis (Latham, 1787);3362;Charadriiformes;Laridae;12/08/1919;12/04/1994
383;Tichodroma muraria (Linnaeus, 1758);3780;Passeriformes;Tichodromadidae;10/03/1878;31/07/1978
384;Tringa erythropus (Pallas, 1764);2584;Charadriiformes;Scolopacidae;01/09/1868;10/09/1970
385;Tringa glareola Linnaeus, 1758;2607;Charadriiformes;Scolopacidae;16/04/1875;11/05/1952
386;Tringa nebularia (Gunnerus, 1767);2594;Charadriiformes;Scolopacidae;05/05/1874;30/04/1951
387;Tringa ochropus Linnaeus, 1758;2603;Charadriiformes;Scolopacidae;26/11/1869;30/03/1962
388;Tringa solitaria Wilson, 1813;2605;Charadriiformes;Scolopacidae;25/08/1969;25/08/1969
389;Tringa stagnatilis (Bechstein, 1803);2591;Charadriiformes;Scolopacidae;01/05/1869;15/05/1908
390;Tringa totanus totanus (Linnaeus, 1758);2590;Charadriiformes;Scolopacidae;09/05/1873;01/09/1967
391;Tringa totanus (Linnaeus, 1758);2586;Charadriiformes;Scolopacidae;11/08/1877;31/12/1970
392;Troglodytes troglodytes (Linnaeus, 1758);3967;Passeriformes;Troglodytidae;09/10/1879;03/02/2002
393;Turdus eunomus Temminck, 1831;199440;Passeriformes;Turdidae;05/12/1910;05/12/1910
394;Turdus iliacus Linnaeus, 1766;4137;Passeriformes;Turdidae;03/01/1887;19/01/1987
395;Turdus merula Linnaeus, 1758;4117;Passeriformes;Turdidae;24/03/1876;07/05/2012
396;Turdus philomelos C. L. Brehm, 1831;4129;Passeriformes;Turdidae;05/03/1886;02/11/1991
397;Turdus pilaris Linnaeus, 1758;4127;Passeriformes;Turdidae;27/12/1877;20/02/1991
398;Turdus torquatus alpestris (Brehm, 1831);4114;Passeriformes;Turdidae;10/10/1885;27/08/1969
399;Turdus torquatus torquatus Linnaeus, 1758;4116;Passeriformes;Turdidae;30/04/1879;25/04/2003
400;Turdus torquatus Linnaeus, 1758;4112;Passeriformes;Turdidae;05/04/1865;16/03/1886
401;Turdus viscivorus Linnaeus, 1758;4142;Passeriformes;Turdidae;15/06/1877;22/01/2013
402;Tyto alba (Scopoli, 1769);3482;Strigiformes;Tytonidae;15/11/1868;24/11/1991
403;Upupa epops Linnaeus, 1758;3590;Bucerotiformes;Upupidae;04/09/1876;31/07/1952
404;Uria aalge (Pontoppidan, 1763);3379;Charadriiformes;Alcidae;24/04/1911;17/12/2005
405;Uria lomvia (Linnaeus, 1758);3382;Charadriiformes;Alcidae;21/01/1981;21/01/1981
406;Vanellus vanellus (Linnaeus, 1758);3187;Charadriiformes;Charadriidae;30/11/1869;15/02/1991
407;Xema sabini (Sabine, 1819);364251;Charadriiformes;Laridae;01/09/1926;25/09/1930
408;Xenus cinereus (Guldenstädt, 1775);2610;Charadriiformes;Scolopacidae;18/05/1883;18/05/1883
409;Zapornia pusilla (Pallas, 1776);836246;Gruiformes;Rallidae;07/05/1870;31/03/1920
410;Zoothera aurea (Holandre, 1825);199434;Passeriformes;Turdidae;16/02/1932;16/02/1932
